{
  "mean_rel_error": 0.023797521333675832,
  "lr": 0.001,
  "final_loss": 0.0016370340017601848,
  "depth": 6,
  "name": "h256_d6_rel_50k",
  "train_time_s": 2469.7648968696594,
  "pct_under_5pct": 97.2,
  "pct_under_1pct": 4.2,
  "hidden_dim": 256,
  "loss_type": "relative_mse",
  "median_rel_error": 0.021704258397221565,
  "experiment_id": 8,
  "spec1_passed": false,
  "n_steps": 50000
}
